"objectid","refugio","estado","longitud","latitud","capacidad"
"41","CASA DE LA CULTURA","JALISCO","-103.72916667","22.38916667","100.00000000"
"42","DELEGACIÃ“N LA MEZA","JALISCO","-103.99472222","22.28083333","20.00000000"
"43","DELEGACIÃ“N LAS MINILLAS","JALISCO","-103.63638889","22.49527778","30.00000000"
"44","AUDITORIO PARROQUIAL","JALISCO","-103.81138889","21.68416667","60.00000000"
"45","CASINO SAN MARTÃN","JALISCO","-103.81611111","21.68305556","150.00000000"
"46","JARDÃN DE NIÃ‘OS","JALISCO","-103.81250000","21.68138889","90.00000000"
"47","COLEGIO VASCO DE QUIROGA","JALISCO","-103.81250000","21.67944444","80.00000000"
"48","ESC. FRANCISCO VILLA","JALISCO","-103.81611111","21.68222222","60.00000000"
"49","ESC. SEC. TEC. No. 159","JALISCO","-103.81416667","21.68027778","85.00000000"
"50","ESC. HIDALGO #157","JALISCO","-103.81333333","21.68472222","97.00000000"
"51","BODEGA","JALISCO","-103.81083333","21.68083333","100.00000000"
"52","AUDITORIO MUNICIPAL","JALISCO","-103.22527778","22.17277778","250.00000000"
"53","CENTRO COMUNITARIO DIF","JALISCO","-103.22527778","22.17250000","100.00000000"
"54","CASA DE LA IGLESIA","JALISCO","-103.22472222","22.17388889","300.00000000"
"55","PRIMARIA 21 DE MARZO","JALISCO","-103.22611111","22.21388889","300.00000000"
"56","PRIMARIA [HUACASCO]","JALISCO","-103.09833333","22.21250000","250.00000000"
"57","PRIMARIA","JALISCO","-103.13333333","22.19305556","60.00000000"
"58","PRIMARIA [LAS LIEBRES]","JALISCO","-103.23000000","22.26305556","30.00000000"
"59","PRIMARIA [EL FRAILE]","JALISCO","-103.23222222","22.26694444","35.00000000"
"60","Esc. primaria Belisario Dominguez","JALISCO","-103.22194444","22.17750000","35.00000000"
"61","SalÃ³n ejidal Hidalgo","JALISCO","-103.09916667","22.21166667","35.00000000"
"62","Bodega Ramos","JALISCO","-103.22638889","22.17833333","35.00000000"
"63","Bodega Ganadera","JALISCO","-103.22527778","22.17027778","35.00000000"
"64","C. COMUNITARIO DIF","JALISCO","-103.44194444","21.92972222","90.00000000"
"65","SEMINARIO (CASA PASTORAL)","JALISCO","-103.44388889","21.92805556","90.00000000"
"66","AUDITORIO MUNICIPAL","JALISCO","-103.44444444","21.92777778","90.00000000"
"67","SEMINARIO","JALISCO","-103.44361111","21.92777778","220.00000000"
"68","COLEGIO [SANTUARIO]","JALISCO","-103.52638889","21.97333333","100.00000000"
"69","CASA DEL PEREGRINO","JALISCO","-103.52583333","21.97444444","100.00000000"
"70","ESC. BENITO JUÃREZ","JALISCO","-103.52472222","21.97611111","150.00000000"
"71","SALÃ“N DE USOS MÃšLTIPLES","JALISCO","-103.52416667","21.97527778","100.00000000"
"72","AUDITORIO MUNICIPAL","JALISCO","-103.59972222","21.98472222","500.00000000"
"73","CASA PASTORAL JUAN PABLO II","JALISCO","-103.59361111","21.98416667","100.00000000"
"74","DIF FERROCARRIL","JALISCO","-102.22500000","21.51888889","120.00000000"
"75","BODEGA REGIONAL DEL SEDIF JALISCO","JALISCO","-102.22388889","21.51833333","120.00000000"
"76","BODEGA [EL REFUGIO]","JALISCO","-102.22305556","21.51972222","120.00000000"
"77","CENTRO DE SALUD","JALISCO","-102.23972222","21.53194444","25.00000000"
"78","SEC. RAMÃ“N CORONA","JALISCO","-102.23722222","21.52444444","130.00000000"
"79","SALON CAMINO REAL","JALISCO","-101.93861111","21.36250000","260.00000000"
"80","AULA DE LA TERCERA EDAD","JALISCO","-101.59194444","21.86333333","200.00000000"
"81","DIF MUNICIPAL","JALISCO","-101.59222222","21.86361111","50.00000000"
"82","C. COMUNITARIO DIF","JALISCO","-101.99250000","20.99166667","100.00000000"
"83","AUDITORIO MUNICIPAL","JALISCO","-102.33694444","21.25750000","600.00000000"
"84","SALON DE USOS MÃšLTIPLES","JALISCO","-103.67777778","21.24472222","150.00000000"
"85","ALBERGUE DE CARITAS","JALISCO","-102.33083333","21.25111111","5000.00000000"
"86","CASA DE LA JUVENTUD","JALISCO","-103.69166667","21.24388889","1000.00000000"
"87","AUDITORIO MUNICIPAL","JALISCO","-102.57527778","21.43500000","400.00000000"
"88","CENTRO COMUNITARIO DIF","JALISCO","-102.57611111","21.43611111","150.00000000"
"89","AUDITORIO DIF MARAVILLAS","JALISCO","-102.57111111","21.42000000","150.00000000"
"90","DIF BELEN DEL REFUGIO ( ANTES CENTRO DE SALUD)","JALISCO","-102.43722222","21.52694444","70.00000000"
"91","SALON DE EVENTOS","JALISCO","-102.59611111","21.53972222","100.00000000"
"92","CLUB DE LEONES","JALISCO","-102.58750000","21.68138889","250.00000000"
"93","ESC. VICENTE SUAREZ","JALISCO","-102.58833333","21.67694444","700.00000000"
"94","ESC. PREPARATORIA","JALISCO","-102.59222222","21.67694444","750.00000000"
"95","C. COMUNITARIO","JALISCO","-102.58805556","21.67750000","600.00000000"
"96","ESC.MA. ACERO V.","JALISCO","-102.58972222","21.67222222","200.00000000"
"97","ESC.FRANCISCO JAVIER MINA","JALISCO","-102.59611111","21.67388889","700.00000000"
"98","ESC. V. GOMEZ FARIAS","JALISCO","-102.59083333","21.68388889","700.00000000"
"99","ESC.PEDRO MORENO","JALISCO","-102.58972222","21.67166667","200.00000000"
"100","C. COMUNITARIO DIF","JALISCO","-102.90361111","20.78027778","75.00000000"
"101","ESC.PRIMARIA [LOPEZ COTILLA]","JALISCO","-102.90361111","20.77944444","50.00000000"
"102","ESC.PRIMARIA [PEDRO MORENO #15]","JALISCO","-102.90972222","20.77833333","50.00000000"
"103","ESC. SECUNDARIA","JALISCO","-102.90972222","20.77944444","70.00000000"
"104","CENTRO DE DESARROLLO","JALISCO","-102.89638889","20.72361111","40.00000000"
"105","ESC. SECUNDARIA TÃ‰CNICA #38","JALISCO","-102.91111111","20.78666667","50.00000000"
"106","INSTALACIONES DEL DIF MUNICIPAL","JALISCO","-102.35861111","20.70527778","25.00000000"
"107","DIF MUNICIPÃL","JALISCO","-103.88888889","21.17416667","25.00000000"
"108","UNIDAD BASICA DE REHABILITACION (UBR)","JALISCO","-102.46527778","21.17416667","40.00000000"
"109","C. COMUNITARIO DIF","JALISCO","-102.22305556","20.60611111","200.00000000"
"110","C. COMUNITARIO JOSEFINA ALLENDE","JALISCO","-102.22555556","20.60750000","100.00000000"
"111","C. COMUNITARIO DIF","JALISCO","-102.78305556","21.26722222","25.00000000"
"112","CENTRO SOCIAL","JALISCO","-102.77972222","21.26694444","30.00000000"
"113","CASA PASTORAL","JALISCO","-102.77638889","21.26444444","30.00000000"
"114","SALON  ALVARADO","JALISCO","-102.17972222","21.05194444","50.00000000"
"115","CENTRO CULTURAL","JALISCO","-102.18083333","21.05222222","40.00000000"
"116","CENTRO CULTURAL [ONOFRE GARCÃA]","JALISCO","-102.18083333","21.06833333","40.00000000"
"117","CASA PASTORAL","JALISCO","-102.18250000","21.05250000","40.00000000"
"118","SALON SAN JULIAN","JALISCO","-102.18138889","21.05138889","300.00000000"
"119","DIF MUNICIPAL","JALISCO","-102.17666667","21.01833333","100.00000000"
"120","C. COMUNITARIO DIF","JALISCO","-103.79444444","21.25194444","90.00000000"
"121","UNIDAD PARROQUIAL","JALISCO","-102.40694444","21.25138889","300.00000000"
"122","C. COMUNITARIO DIF","JALISCO","-102.74833333","20.82305556","150.00000000"
"123","AUDITORIO","JALISCO","-102.76472222","20.81472222","300.00000000"
"124","CASA DEL CATECISMO","JALISCO","-104.01944444","20.95222222","200.00000000"
"125","AUDITORIO MIGUEL HIDALGO","JALISCO","-104.16944444","20.81833333","300.00000000"
"126","CASA PASTORAL PEGUEROS","JALISCO","-102.66583333","20.95361111","180.00000000"
"127","TALLERES PRODUCTIVOS TEPATITLÃN","JALISCO","-104.18888889","20.81444444","50.00000000"
"128","HACIENDA DEL CARMEN SALÃ“N DE EVENTOS","JALISCO","-102.74861111","20.80527778","60.00000000"
"129","CDC 29 DIF CAPILLA DE GUADALUPE","JALISCO","-102.76250000","20.82472222","60.00000000"
"130","CDC DIF SAN JOSÃ‰ DE GRACIA","JALISCO","-103.96111111","20.67666667","140.00000000"
"131","INSTITUTO RENACIMIENTO (AUDITORIO)","JALISCO","-102.77861111","20.82083333","180.00000000"
"132","AUDITORIO DE LA SAGRADA FAMILIA","JALISCO","-104.17222222","20.81805556","70.00000000"
"133","CASA DE PARTORAL CAPILLA DE GUADALUPE","JALISCO","-102.59333333","20.82583333","120.00000000"
"134","CASA DE PASTORAL DE SAN JOSE DE GRACIA","JALISCO","-102.57083333","20.67305556","180.00000000"
"135","LA HERMITA SALON DE EVENTOS","JALISCO","-102.67222222","20.94416667","300.00000000"
"136","C.COMUNITARIO  DIF","JALISCO","-102.61583333","21.05222222","100.00000000"
"137","C.COMUNITARIO DIF","JALISCO","-104.05000000","20.40000000","50.00000000"
"138","C. COMUNITARIO DIF","JALISCO","-102.88888889","21.18361111","75.00000000"
"139","AUDITORIO MUNICIPAL ALBERTO CARDENAS JIMENEZ","JALISCO","-102.88972222","21.18305556","0.00000000"
"140","EDIFICIO DE LA O.N.G.S","JALISCO","-102.87416667","21.17722222","0.00000000"
"141","ESCUELA PEDRO MORENO","JALISCO","-102.88277778","21.17500000","0.00000000"
"142","C.B.T.A.","JALISCO","-102.89138889","21.18361111","0.00000000"
"143","SALON DE LA COMUNIDAD AGRARIA","JALISCO","-102.53694444","20.74111111","200.00000000"
"144","CASA EJIDAL DEL LUGAR","JALISCO","-102.50805556","20.55277778","50.00000000"
"145","CASA DE LA CULTURA","JALISCO","-102.51277778","20.54888889","100.00000000"
"146","AUDITORIO MUNICIPAL","JALISCO","-102.51500000","20.54805556","100.00000000"
"147","UNIDAD ADMINISTRATIVA","JALISCO","-102.53250000","20.52388889","300.00000000"
"148","CASINO ATOTONILCO","JALISCO","-102.51027778","20.54861111","300.00000000"
"149","SECUNDARIA FEDERAL","JALISCO","-102.51972222","20.54722222","250.00000000"
"150","DELEGACION MUNICIPAL LAS MARGARITAS","JALISCO","-102.53611111","20.53805556","100.00000000"
"151","CASA DE CATECISMO","JALISCO","-102.51333333","20.54833333","70.00000000"
"152","CASA DE EJERCICIOS","JALISCO","-102.51305556","20.54805556","500.00000000"
"153","CASA DE CATECISMO","JALISCO","-102.50638889","20.54916667","100.00000000"
"154","CENTRO DE EVANGELIZACION Y CATEQUESIS","JALISCO","-102.50833333","20.55277778","100.00000000"
"155","ESC. SEC. TEC. # 74","JALISCO","-102.32694444","20.53361111","500.00000000"
"156","ESC. IGNACIO M. ALTAMIRANO","JALISCO","-102.32638889","20.52583333","350.00000000"
"157","ESC. IGNACIO ZARAGOZA","JALISCO","-103.67777778","20.52805556","300.00000000"
"158","SALÃ“N FIESTA LA BARCA","JALISCO","-102.54583333","20.29166667","250.00000000"
"159","CARITAS","JALISCO","-102.54888889","20.28166667","200.00000000"
"160","CABALLERO DE COLON","JALISCO","-103.92777778","20.27861111","120.00000000"
"161","SALON ARRIAGA","JALISCO","-102.55333333","20.27805556","150.00000000"
"162","SALON RAMIREZ","JALISCO","-102.54861111","20.27861111","150.00000000"
"163","SALON FLAMINGO","JALISCO","-102.54916667","20.28638889","100.00000000"
"164","SALON GALA","JALISCO","-102.54500000","20.28611111","100.00000000"
"165","CASA DE LA CULTURA","JALISCO","-102.54333333","20.28777778","80.00000000"
"166","CASA EJIDAL [NIÃ‘OS HEROES]","JALISCO","-102.53777778","20.28361111","80.00000000"
"167","ESC. SEC. TEC # 52","JALISCO","-102.54500000","20.28722222","100.00000000"
"168","DELEGACION MUNICIPAL","JALISCO","-102.54611111","20.28833333","50.00000000"
"169","SALON DE FIESTAS LATI","JALISCO","-102.54583333","20.28694444","50.00000000"
"170","SALON DE FIESTAS (DISCO)","JALISCO","-102.54805556","20.28194444","100.00000000"
"171","SALON DE FIESTAS DISCO 2","JALISCO","-102.54722222","20.28250000","50.00000000"
"172","LOCAL GUADALUPANO","JALISCO","-102.54722222","20.27972222","50.00000000"
"173","DIF ANDADOR","JALISCO","-102.55611111","20.27750000","100.00000000"
"174","SALÃ“N DE LA 3RA. EDAD","JALISCO","-102.54388889","20.28722222","75.00000000"
"175","CASA EJIDAL CHAPALA","JALISCO","-103.19138889","20.28972222","300.00000000"
"176","GIMNASIO MUNICIPAL CHAPALA","JALISCO","-103.19055556","20.29555556","300.00000000"
"177","PARROQUIA CHAPALA","JALISCO","-103.19277778","20.28833333","50.00000000"
"178","CENTRO CULTURAL AJIJIC","JALISCO","-103.24250000","20.29722222","200.00000000"
"179","PARROQUIA  AJIJIC","JALISCO","-103.26111111","20.29916667","50.00000000"
"180","PRIMARIA RAMON CORONA","JALISCO","-103.24111111","20.29277778","100.00000000"
"181","PARROQUIA SAN ANTONIO","JALISCO","-103.24027778","20.29333333","56.00000000"
"182","PARROQUIA DE SAN NICOLAS DE I.","JALISCO","-103.15888889","20.31666667","80.00000000"
"183","CASINO MESON REAL","JALISCO","-102.71138889","20.29138889","400.00000000"
"184","CASA DE LA CULTURA","JALISCO","-102.71055556","20.28972222","250.00000000"
"185","SALON DE EVENTOS EL RINCON","JALISCO","-104.07500000","20.29222222","250.00000000"
"186","CASA EJIDAL","JALISCO","-102.71055556","20.29222222","100.00000000"
"187","CASA EJIDAL","JALISCO","-103.43194444","20.28388889","40.00000000"
"188","ESC. PRIMARIA No. 700","JALISCO","-103.34055556","20.28500000","120.00000000"
"189","ESCUELA J. SANTANA","JALISCO","-103.42888889","20.28444444","80.00000000"
"190","AUDITORIO MUNICIPAL","JALISCO","-103.42888889","20.28472222","150.00000000"
"191","PREPARATORIA JOCOTEPEC","JALISCO","-105.50277778","20.28055556","250.00000000"
"192","CAPILLA SAN MIGUEL","JALISCO","-103.43611111","20.27777778","55.00000000"
"193","CASA EJIDAL [CHAPULTEPEC]","JALISCO","-105.52222222","20.27777778","30.00000000"
"194","CASA DE LA CULTURA","JALISCO","-103.43055556","20.28416667","50.00000000"
"195","TEMPLO DEL SR. MONTE","JALISCO","-103.43027778","20.28472222","60.00000000"
"196","CASA PASTORAL DE SAN JUAN COSALA","JALISCO","-103.34027778","20.28666667","150.00000000"
"197","TEMPLO PURISIMA","JALISCO","-105.51388889","20.28833333","60.00000000"
"198","SALON NARANJITOS","JALISCO","-103.42361111","20.28444444","40.00000000"
"199","UNIDAD DEPORTIVA","JALISCO","-103.43222222","20.28027778","40.00000000"
"200","TEMPLO SAGRADO CORAZON","JALISCO","-102.77333333","20.34555556","50.00000000"
"1","AUDITORIO MUNICIPAL","JALISCO","-103.78166667","21.83166667","300.00000000"
"2","ESC. LIC. ALBERTO O.","JALISCO","-103.78083333","21.83305556","205.00000000"
"3","ESC. IGNACIO ZARAGOZA","JALISCO","-103.77444444","21.84333333","300.00000000"
"4","ESCUELA JOSE MARIA MORELOS Y PAVON","JALISCO","-103.78166667","21.82972222","240.00000000"
"5","ESC. PRIMARIA [MORELOS]","JALISCO","-103.78000000","21.78083333","400.00000000"
"6","BODEGA","JALISCO","-103.77805556","21.78027778","150.00000000"
"7","CASA HABITACION [RAMÃ“N CORONA]","JALISCO","-103.78111111","21.77916667","20.00000000"
"8","CASA HABITACIÃ“N [MORELOS]","JALISCO","-103.78055556","21.78083333","100.00000000"
"9","CASA HABITACIÃ“N [HIDALGO]","JALISCO","-103.78083333","21.77861111","300.00000000"
"10","BODEGA DEL H. AYUNTAMIENTO","JALISCO","-103.78000000","21.77944444","70.00000000"
"11","ESC. PRIMARIA MIGUEL HIDALGO","JALISCO","-103.77972222","21.78055556","180.00000000"
"12","SALÃ“N DE USOS MÃšLTIPLES TEMPLO SAN PASCUAL","JALISCO","-103.78055556","21.77888889","80.00000000"
"13","ASILO DE ANCIANOS DEL DIF","JALISCO","-103.78027778","21.77944444","40.00000000"
"14","ESC. PRIMARIA PEDRO MORENO","JALISCO","-103.78833333","21.77250000","150.00000000"
"15","CENTRO DE SALUD","JALISCO","-103.78777778","21.77361111","80.00000000"
"16","TEMPLO DEL LUGAR","JALISCO","-103.78694444","21.77444444","60.00000000"
"17","CASA DE MA. ISABEL GLEZ. R.","JALISCO","-103.78833333","21.77444444","16.00000000"
"18","ESC. PRIM. TIZIPUAC NIÃ‘O ARTILLERO","JALISCO","-103.63722222","21.62444444","300.00000000"
"19","BODEGA COMUNAL","JALISCO","-103.63805556","21.62444444","200.00000000"
"20","ESC. TELE SECUNDARIA","JALISCO","-103.63638889","21.62388889","200.00000000"
"21","DELEGACIÃ“N MUNICIPAL","JALISCO","-103.63888889","21.62500000","100.00000000"
"22","AUDITORIO MUNICIPAL","JALISCO","-103.21166667","22.35833333","75.00000000"
"23","EL SANTUARIO","JALISCO","-103.21250000","22.35861111","300.00000000"
"24","ESC. PREPARATORIA HUEJÃšCAR","JALISCO","-103.21416667","22.36250000","100.00000000"
"25","SALÃ“N PICACHO","JALISCO","-103.21194444","22.35916667","100.00000000"
"26","JARDIN DE N. ADOLFO LOPEZ MATEOS","JALISCO","-103.21111111","22.35805556","50.00000000"
"27","TELE-SEC. JUAN RULFO","JALISCO","-103.21083333","22.35833333","100.00000000"
"28","AUDITORIO MUNICIPAL (CENTRO SOCIAL)","JALISCO","-103.89750000","22.62583333","400.00000000"
"29","ALBERGUE  MUNICIPAL","JALISCO","-103.89638889","22.62666667","75.00000000"
"30","CENTRO SOCIAL TRANSITO","JALISCO","-103.89805556","22.62777778","35.00000000"
"31","PLANTA ALTA DE LA PRESIDENCIA MUNICIPAL","JALISCO","-103.89750000","22.62777778","50.00000000"
"32","ESC. VALENTÃN GOMEZ FARIAS","JALISCO","-103.89805556","22.62333333","150.00000000"
"33","ESC. GABRIEL MISTRAL","JALISCO","-103.89777778","22.62333333","150.00000000"
"34","DELEGACIÃ“N TENZOMDA","JALISCO","-103.92638889","22.37166667","75.00000000"
"35","SALON ORTEGA","JALISCO","-103.92694444","22.37250000","50.00000000"
"36","2 BODEGAS","JALISCO","-103.89972222","22.62527778","54.00000000"
"37","CENTRO COMUNITARIO DIF","JALISCO","-103.72777778","22.38944444","100.00000000"
"38","CENTRO SOCIAL","JALISCO","-103.72611111","22.38944444","500.00000000"
"39","AUDITORIO MUNICIPAL","JALISCO","-103.72861111","22.38750000","100.00000000"
"40","CASA HUICHOL","JALISCO","-103.72972222","22.38833333","40.00000000"
"361","CASINO LA SALIDA","JALISCO","-103.37527778","19.55555556","30.00000000"
"362","CASINO BAM-BAM","JALISCO","-103.37583333","19.54944444","33.00000000"
"363","CASINO HERMANOS MARIN","JALISCO","-103.38638889","19.55361111","50.00000000"
"364","CASINO VALDIVIAS","JALISCO","-103.38805556","19.55638889","60.00000000"
"365","SALON BLANQUITA","JALISCO","-103.37361111","19.55138889","60.00000000"
"366","SALON HACIENDA VENEGAS","JALISCO","-103.38027778","19.55611111","170.00000000"
"367","SALON LAS VIOLETAS","JALISCO","-103.37055556","19.56361111","60.00000000"
"368","SALON RANCHO GRANDE","JALISCO","-103.37861111","19.55916667","120.00000000"
"369","SALON CALIFORNIA","JALISCO","-103.37472222","19.55750000","170.00000000"
"370","SALON AZTECA","JALISCO","-103.37833333","19.55305556","156.00000000"
"371","SALON SANTA MARIA","JALISCO","-103.38111111","19.55972222","25.00000000"
"372","SALON LA TERRAZA","JALISCO","-103.37194444","19.56027778","170.00000000"
"373","SALON CAMPESTRE","JALISCO","-103.37861111","19.55916667","35.00000000"
"374","SALON TAPATIO","JALISCO","-103.37833333","19.55888889","80.00000000"
"375","SALON PARAISO","JALISCO","-103.37777778","19.55861111","306.00000000"
"376","SALON CANDILES","JALISCO","-103.37750000","19.55833333","95.00000000"
"377","AUDITORIO DE LA SECCION XL","JALISCO","-103.37611111","19.56166667","160.00000000"
"378","SALON LA NORIA","JALISCO","-103.37333333","19.56000000","140.00000000"
"379","SALON LA FUENTE","JALISCO","-103.36972222","19.56166667","60.00000000"
"380","SALON JALICIENSE","JALISCO","-103.37694444","19.55222222","50.00000000"
"381","CASINO AUDITORIO MUNICIPAL","JALISCO","-103.37666667","19.55638889","450.00000000"
"382","SALON SHIMIZU","JALISCO","-103.37333333","19.55583333","108.00000000"
"383","EL CIHUAPILLI","JALISCO","-103.38888889","19.55666667","80.00000000"
"384","DIF MUNICIPAL - ATENCIÃ“N AL ANCIANO -","JALISCO","-103.37222222","19.55916667","60.00000000"
"385","UNIDAD DEPORTIVA","JALISCO","-103.36972222","19.56000000","200.00000000"
"386","ESCUELA PREPARATORIA REGIONAL","JALISCO","-103.39500000","19.54750000","200.00000000"
"387","UNIDAD DEPORTIVA S.T.A.","JALISCO","-103.37111111","19.55916667","200.00000000"
"388","CASA EJIDAL","JALISCO","-103.51361111","19.57250000","126.00000000"
"389","IGLESIA","JALISCO","-103.43805556","19.52972222","35.00000000"
"390","CASA EJIDAL","JALISCO","-103.44166667","19.53000000","82.00000000"
"391","IGLESIA","JALISCO","-103.33277778","19.56305556","35.00000000"
"392","SALON DEL LUGAR","JALISCO","-103.37138889","19.48194444","80.00000000"
"393","SALON DEL LUGAR","JALISCO","-103.37277778","19.50416667","70.00000000"
"394","IGLESIA","JALISCO","-103.39722222","19.51333333","75.00000000"
"395","SALON DEL LUGAR","JALISCO","-103.39361111","19.48111111","85.00000000"
"396","IGLESIA","JALISCO","-103.38166667","19.48111111","45.00000000"
"397","SALON DEL LUGAR","JALISCO","-103.39694444","19.51138889","75.00000000"
"398","CASA EJIDAL","JALISCO","-103.41055556","19.42333333","52.00000000"
"399","BODEGA DEL LUGAR","JALISCO","-103.37222222","19.55361111","52.00000000"
"400","SALON DEL LUGAR","JALISCO","-103.46000000","19.47861111","20.00000000"
"401","ESCUELA","JALISCO","-103.36972222","19.55277778","15.00000000"
"402","SALON DEL LUGAR","JALISCO","-103.40277778","19.49722222","15.00000000"
"403","CASA EJIDAL","JALISCO","-103.40444444","19.34250000","37.00000000"
"404","BODEGA PARTICULAR","JALISCO","-103.43277778","19.33000000","20.00000000"
"405","SALON DEL LUGAR","JALISCO","-103.46388889","19.30777778","25.00000000"
"406","BODEGA PARTICULAR","JALISCO","-103.46194444","19.34750000","27.00000000"
"407","IGLESIA","JALISCO","-103.46277778","19.34611111","52.00000000"
"408","BODEGA DE LAS BOMBAS","JALISCO","-103.43972222","19.53055556","393.00000000"
"409","SALON DEL LUGAR","JALISCO","-103.47666667","19.53083333","21.00000000"
"410","SALON DEL LUGAR","JALISCO","-103.35416667","19.46500000","16.00000000"
"411","SALON DEL LUGAR","JALISCO","-103.46138889","19.50277778","45.00000000"
"412","BODEGA PARTICULAR","JALISCO","-103.46138889","19.50277778","60.00000000"
"413","BODEGA PARTICULAR","JALISCO","-103.47305556","19.46416667","135.00000000"
"414","SALON DEL LUGAR","JALISCO","-103.49250000","19.47583333","10.00000000"
"415","SALON DEL LUGAR","JALISCO","-103.38138889","19.55388889","60.00000000"
"416","SALON DEL LUGAR","JALISCO","-103.45777778","19.45166667","45.00000000"
"417","AUDITORIO MUNICIPAL","JALISCO","-103.76583333","19.74777778","158.00000000"
"418","AUDITORIO MUNICIPAL JIQUILPAN","JALISCO","-103.77888889","19.77805556","200.00000000"
"419","AUDITORIO CAJA POPULAR","JALISCO","-103.77027778","19.74666667","120.00000000"
"420","CASINO QUINTA REAL","JALISCO","-103.76444444","19.74777778","85.00000000"
"421","CASINO LA FIESTA","JALISCO","-103.76361111","19.74611111","85.00000000"
"422","SECUNDARIA TECNICA No. 37","JALISCO","-103.76388889","19.74555556","85.00000000"
"423","CENTRO ESCOLAR JUAN RULFO","JALISCO","-103.77000000","19.74833333","85.00000000"
"424","ESCUELA PRIMARIA  No. 296","JALISCO","-103.76972222","19.74805556","85.00000000"
"425","ESCUELA PREPARATORIA","JALISCO","-103.75861111","19.74527778","35.00000000"
"426","ESCUELA SECUNDARIA FORANEA N 42","JALISCO","-103.77166667","19.74444444","85.00000000"
"427","AUDITORIO MUNICIPAL","JALISCO","-103.57250000","20.22916667","400.00000000"
"428","CASINO SECCION 55","JALISCO","-103.57194444","20.22972222","350.00000000"
"429","LAS CRIPTAS","JALISCO","-103.57138889","20.23083333","85.00000000"
"430","DIF MUNICIPAL","JALISCO","-103.57361111","20.23083333","100.00000000"
"431","CASA DE LA CULTURA","JALISCO","-103.57305556","20.22750000","500.00000000"
"432","AUDITORIO MUNICIPAL","JALISCO","-103.57333333","20.22916667","35.00000000"
"433","CASA DE LAS ARTESANÃAS","JALISCO","-103.57194444","20.23027778","300.00000000"
"434","ASILO DE ANCIANOS CASA HOGAR","JALISCO","-103.44666667","19.63333333","80.00000000"
"435","CASINO AUDITORIO MUNICIPAL","JALISCO","-103.41638889","19.62888889","200.00000000"
"436","CASINO SECCION N 55 TOLTECA","JALISCO","-103.42694444","19.63027778","50.00000000"
"437","LAS BORREGAS CLUB TOLTECA","JALISCO","-103.41611111","19.62750000","200.00000000"
"438","CASA DE LA CULTURA","JALISCO","-103.81361111","19.54722222","100.00000000"
"439","DISCO","JALISCO","-104.23916667","20.27500000","75.00000000"
"440","CASA DE LA CULTURA","JALISCO","-104.23888889","20.27388889","150.00000000"
"441","CASINO LAS PALOMAS","JALISCO","-103.86083333","20.98347222","200.00000000"
"442","SALÃ“N DE USOS MÃšLTIPLES","JALISCO","-103.86305556","20.86666667","200.00000000"
"443","CASINO 3 CORONAS","JALISCO","-103.86055556","20.85250000","200.00000000"
"444","CASINO MUNICIPAL","JALISCO","-104.16055556","19.90722222","120.00000000"
"445","SALÃ“N DE ÃšSOS MÃšLTIPLES","JALISCO","-104.16333333","19.90555556","100.00000000"
"446","BODEGA MONTE CARLO","JALISCO","-104.27277778","19.83972222","120.00000000"
"447","CASA EJIDAL","JALISCO","-104.27666667","19.84083333","40.00000000"
"448","CASA DE LA CULTURA","JALISCO","-104.21638889","19.80666667","163.00000000"
"449","CASINO EL RELICARIO","JALISCO","-104.21416667","19.80555556","663.00000000"
"450","DIF MUNICIPAL","JALISCO","-104.09805556","20.98338889","90.00000000"
"451","CASA DE LA CULTURA","JALISCO","-104.09805556","20.98341667","240.00000000"
"452","CASA HOGAR EL LIMÃ“N","JALISCO","-104.15500000","19.82416667","107.00000000"
"453","CASA DE LA CULTURA EL LIMÃ“N","JALISCO","-104.15777778","19.82611111","223.00000000"
"454","SISTEMA DIF EL LIMÃ“N","JALISCO","-104.15194444","19.82055556","95.00000000"
"455","SIN NOMBRE","JALISCO","-104.04416667","20.19555556","250.00000000"
"456","CASA EJIDAL","JALISCO","-104.16416667","20.21888889","100.00000000"
"457","CASA DE LA CULTURA","JALISCO","-103.98250000","19.69888889","257.00000000"
"458","CASA EJIDAL","JALISCO","-103.98083333","19.69750000","246.00000000"
"459","CENTRO COMUNITARIO DIF","JALISCO","-104.26083333","19.97472222","100.00000000"
"460","SALON DIF","JALISCO","-104.26111111","19.97472222","50.00000000"
"461","AUDITORIO DE LA NORMAL","JALISCO","-104.27055556","19.95194444","83.00000000"
"462","DIF MUNICIPAL AUTLÃN DE NAVARRO","JALISCO","-104.36111111","19.77083333","90.00000000"
"463","COLEGIO TEPEYAC","JALISCO","-104.36583333","19.77833333","100.00000000"
"464","AUDITORIO MUNICIPAL SOLIDARIDAD","JALISCO","-104.36000000","19.77611111","220.00000000"
"465","TELESECUNDARIA LÃZARO CARDENAS","JALISCO","-104.38222222","19.87777778","100.00000000"
"466","ESCUELA PRIMARIA EMILIANO ZAPATA","JALISCO","-104.38222222","19.88083333","25.00000000"
"467","JARDIN DE NIÃ‘OS EMILIANO ZAPATA","JALISCO","-104.38111111","19.87833333","25.00000000"
"468","JARDIN DE NIÃ‘OS CUAHUTEMOC","JALISCO","-104.32666667","19.67777778","50.00000000"
"469","ESCUELA PRIMARIA CASIMIRO CASTILLO","JALISCO","-104.32583333","19.67750000","150.00000000"
"470","ESCUELA PRIMARIA EL IDEAL","JALISCO","-104.28083333","19.70888889","40.00000000"
"471","ESCUELA PRIMARIA FEDERAL 5 DE MAYO","JALISCO","-104.28083333","19.70833333","20.00000000"
"472","ESCUELA SECUNDARIA TECNICA # 84","JALISCO","-104.19972222","19.71888889","200.00000000"
"473","JARDIN DE NIÃ‘OS VOCES DEL RIO","JALISCO","-104.28611111","19.84472222","80.00000000"
"474","ESCUELA PRIMARIA RURAL REVOLUCION","JALISCO","-104.42305556","19.82000000","32.00000000"
"475","TELESECUNDARIA VENUSTIANO CARRANZA","JALISCO","-104.29222222","19.77138889","80.00000000"
"476","ESCUELA PRIMARIA JOSE MARIA MORELOS","JALISCO","-104.29388889","19.77083333","80.00000000"
"477","ESCUELA PRIMARIA FEDERAL CUAHUATEMOC","JALISCO","-104.32250000","19.71027778","50.00000000"
"478","ESCUELA PRIMARIA AGUSTIN MELGAR","JALISCO","-104.40972222","19.81638889","16.00000000"
"479","JARDIN DE NIÃ‘OS QUETZALTCOTL","JALISCO","-104.40972222","19.81611111","10.00000000"
"480","PRIMARIA FRANCISCO NAVARRO","JALISCO","-104.29638889","19.81361111","20.00000000"
"481","ESCUELA PRIMARIA FRANCISCO NAVARRO","JALISCO","-104.29638889","19.81333333","20.00000000"
"482","JARDIN DE NIÃ‘OS SIN NOMBRE","JALISCO","-104.29694444","19.81333333","20.00000000"
"483","ESCUELA FEDERAL RURAL FRANCISCO I. MADERO","JALISCO","-104.20305556","19.69888889","10.00000000"
"484","ESCUELA PRIMARIA RURAL BENITO JUAREZ","JALISCO","-104.28638889","19.71750000","150.00000000"
"485","IGLESIA DEL LUGAR","JALISCO","-104.24694444","19.77250000","30.00000000"
"486","ESCUELA PRIMARIA JOSEFA ORTIZ DE DOMINGUEZ","JALISCO","-104.24638889","19.77333333","120.00000000"
"487","ESCUELA PRIMARIA HERMENEGILDO GALEANA","JALISCO","-104.37694444","19.85694444","15.00000000"
"488","ESCUELA PRIMARIA","JALISCO","-104.34638889","19.83944444","50.00000000"
"489","ESCUELA PRIMARIA FEDERAL EL PORVENIR","JALISCO","-104.26111111","19.72027778","50.00000000"
"490","ESCUELA PRIMARIA FEDERAL EL IDEAL","JALISCO","-104.28083333","19.70888889","40.00000000"
"491","JARDIN DE NIÃ‘OS CRISTOBAL COLON","JALISCO","-104.28083333","19.70833333","30.00000000"
"492","ESCUELA PRIMARIA RURAL FEDERAL FRANCISCO GONZALEZ BOCANEGRA","JALISCO","-104.19166667","19.73888889","30.00000000"
"493","ESCUELA PRIMARIA EL VOLANTÃN CONAFE","JALISCO","-104.33888889","19.77972222","10.00000000"
"494","CASA DE LA CULTURA","JALISCO","-104.43611111","19.60277778","200.00000000"
"495","DIF MUNICIPAL","JALISCO","-104.43944444","19.60277778","90.00000000"
"496","CASINO CAÃ‘ERO","JALISCO","-104.43638889","19.60388889","200.00000000"
"497","JARDIN DE NIÃ‘OS ITZIA","JALISCO","-104.48694444","19.55138889","25.00000000"
"498","ESCUELA TÃ‰CNICA No. 53","JALISCO","-104.47666667","19.55166667","100.00000000"
"499","TEMPLO DEL LUGAR","JALISCO","-104.43694444","19.60277778","100.00000000"
"500","ESC. PRIM. ANDRES FIGUEROA","JALISCO","-104.55555556","19.56361111","276.00000000"
"501","JARDÃN DE NIÃ‘OS S/N","JALISCO","-104.53638889","19.62055556","125.00000000"
"502","JARDÃN DE NIÃ‘OS SOR JUANA","JALISCO","-104.53611111","19.62611111","70.00000000"
"503","ESC. PREPARATORIA","JALISCO","-104.53138889","19.62722222","60.00000000"
"504","CASA EJIDAL Y BODEGA","JALISCO","-104.48916667","19.66166667","65.00000000"
"505","SALON DE BAILE SIN NOMBRE","JALISCO","-104.49333333","19.66000000","20.00000000"
"506","CASA EJIDAL","JALISCO","-104.44000000","19.63194444","60.00000000"
"507","ESC. PRIM. 726 JUAN ESCUTIA","JALISCO","-104.44138889","19.63388889","80.00000000"
"508","J. DE NIÃ‘OS GRAL. MANUEL A.CAMACHO","JALISCO","-104.52416667","19.49888889","40.00000000"
"509","PRIMARIA FRANCISCO I. MADERO","JALISCO","-104.52333333","19.49833333","70.00000000"
"510","TELE SEC. ESTEBAN VACA CALDERON","JALISCO","-104.52555556","19.49916667","30.00000000"
"511","CASA EJIDAL","JALISCO","-104.52194444","19.49777778","56.00000000"
"512","ESC. SEC.TEC. No.158","JALISCO","-104.55833333","19.56166667","40.00000000"
"513","J. DE NIÃ‘OS EL PRINCIPITO","JALISCO","-104.55972222","19.55916667","40.00000000"
"514","ESC. ADOLFO LOPEZ MATEOS","JALISCO","-104.52916667","19.49194444","25.00000000"
"515","TEMPLO DEL LUGAR","JALISCO","-104.52916667","19.49305556","45.00000000"
"516","ESC. PRIMARIA LAZARO CARDENAS DEL RIO","JALISCO","-104.49333333","19.66194444","66.00000000"
"517","CASA EJIDAL BENITO JUAREZ","JALISCO","-104.49222222","19.66083333","60.00000000"
"518","ESC. PRIMARIA.URB.1076 IGNACIO ALLENDE","JALISCO","-104.49055556","19.66000000","70.00000000"
"201","TEMPLO DE LA VIRGEN DEL  ROSARIO","JALISCO","-102.77111111","20.36638889","50.00000000"
"202","TEMPLO SAN ISIDRO SALVADOR","JALISCO","-102.77277778","20.35611111","100.00000000"
"203","BODEGA (1)","JALISCO","-102.77055556","20.34527778","50.00000000"
"204","BODEGA (2)","JALISCO","-102.76972222","20.34583333","250.00000000"
"205","BODEGA EJIDAL","JALISCO","-104.18333333","20.34611111","50.00000000"
"206","TEMPLO VIRGEN DEL REFUGIO","JALISCO","-102.77416667","20.34527778","50.00000000"
"207","BODEGA (3)","JALISCO","-104.17222222","20.34638889","150.00000000"
"208","BODEGA CONASUPO","JALISCO","-102.76944444","20.34694444","100.00000000"
"209","TEMPLO SAN MARTIN DE ZULA","JALISCO","-102.72805556","20.40833333","100.00000000"
"210","ESCUELA IGNACIO ZARAGOZA","JALISCO","-102.77916667","20.43416667","100.00000000"
"211","ESCUELA MANUEL CRESPO","JALISCO","-102.82083333","20.38777778","50.00000000"
"212","ESCUELA REVOLUCION MEXICANA","JALISCO","-104.18333333","20.38972222","50.00000000"
"213","HOTEL OASIS","JALISCO","-104.19722222","20.36527778","250.00000000"
"214","HOTEL ANDRUSS","JALISCO","-102.77250000","20.31138889","150.00000000"
"215","HOTEL DEL LAGO","JALISCO","-102.77250000","20.31083333","217.00000000"
"216","HOTEL CRISTAL","JALISCO","-102.77611111","20.34750000","150.00000000"
"217","PUESTA DEL SOL","JALISCO","-102.77027778","20.35000000","50.00000000"
"218","LOMA CAMP.","JALISCO","-102.76416667","20.37361111","85.00000000"
"219","SALON LOS NARANJOS","JALISCO","-104.18611111","20.33777778","100.00000000"
"220","SALON DE FIESTA EL MOJADO","JALISCO","-102.77361111","20.33638889","50.00000000"
"221","SINDICATO CELANESE","JALISCO","-102.76944444","20.33694444","100.00000000"
"222","SINDICATO DE INDUSTRIAS SECCION 8","JALISCO","-102.77444444","20.34333333","50.00000000"
"223","SINDICATO NESTLE","JALISCO","-102.77444444","20.35194444","100.00000000"
"224","S.T.R.M. SECC. 98","JALISCO","-102.77277778","20.35166667","190.00000000"
"225","SALON VALENTINOS","JALISCO","-102.77277778","20.35666667","100.00000000"
"226","EXCINE PALACIO","JALISCO","-102.77333333","20.34666667","200.00000000"
"227","EXPO-EVENTOS","JALISCO","-102.77555556","20.36222222","260.00000000"
"228","CABAÃ‘A DEL PESCADOR","JALISCO","-102.77638889","20.34500000","80.00000000"
"229","CINEMAS ACUARIO","JALISCO","-102.77416667","20.34611111","130.00000000"
"230","HOGARES FRATERNALES","JALISCO","-102.77138889","20.33777778","50.00000000"
"231","CENTRO DE SEGURIDAD SOCIAL","JALISCO","-102.77388889","20.35361111","50.00000000"
"232","SALÃ“N DE FIESTAS EL MOJADO","JALISCO","-102.72833333","20.40944444","45.00000000"
"233","BODEGA PARTICULAR DEL EJIDO","JALISCO","-102.77250000","20.35277778","100.00000000"
"234","ESC. PRIM RUR. FED. ALVARO OBREGON","JALISCO","-104.10555556","20.40666667","75.00000000"
"235","CASA EJIDAL NUEVO FUERTE","JALISCO","-102.77222222","20.33666667","150.00000000"
"236","CBETYS # 49 ( AUDITORIO )","JALISCO","-102.77305556","20.33500000","250.00000000"
"237","ESCUELA ADOLFO LOPEZ MATEOS","JALISCO","-104.09166667","20.40694444","50.00000000"
"238","AUDITORIO MUNICIPAL","JALISCO","-102.92805556","20.38472222","600.00000000"
"239","CASA PASTORAL","JALISCO","-102.92805556","20.38305556","200.00000000"
"240","GIMNASIO MUNICIPAL","JALISCO","-102.92500000","20.37611111","50.00000000"
"241","DELEGACIÃ“N MEZCALA","JALISCO","-105.18055556","20.33583333","100.00000000"
"242","CENTRO DE SALUD MEZCALA","JALISCO","-105.18333333","20.33611111","60.00000000"
"243","DELEGACIÃ“N SAN MIGUEL","JALISCO","-102.99416667","20.39111111","20.00000000"
"244","DELEGACIÃ“N CUITZEO","JALISCO","-102.78611111","20.33611111","80.00000000"
"245","DELEGACIÃ“N STA. CRUZ","JALISCO","-102.86305556","20.37500000","150.00000000"
"246","SECUNDARIA FEDERAL # 21","JALISCO","-105.42777778","20.16777778","500.00000000"
"247","DIF MUNICIPAL","JALISCO","-102.78916667","20.53944444","40.00000000"
"248","CASA PASTORAL","JALISCO","-102.79277778","20.54138889","250.00000000"
"249","CASINO FIESTA","JALISCO","-102.79611111","20.53861111","250.00000000"
"250","DISCO LOVER","JALISCO","-102.79305556","20.53944444","150.00000000"
"251","CASA EJIDAL","JALISCO","-102.92694444","20.46777778","30.00000000"
"252","SEMINARIO","JALISCO","-103.26083333","19.98166667","300.00000000"
"253","AUDITORIO MUNICIPAL","JALISCO","-103.25750000","19.98138889","300.00000000"
"254","CASA DE LA CULTURA","JALISCO","-103.25833333","19.97833333","150.00000000"
"255","CENTRO PASTORAL","JALISCO","-103.25972222","19.97888889","60.00000000"
"256","LOS CUETES","JALISCO","-102.90861111","19.58555556","150.00000000"
"257","AUDITORIO MUNICIPAL","JALISCO","-105.20000000","19.91611111","550.00000000"
"258","ESCUELA   AUDITORIO","JALISCO","-105.19166667","19.91722222","300.00000000"
"259","ESC. JUANA DE ASBAJE","JALISCO","-105.18611111","19.91805556","300.00000000"
"260","BODEGA EJIDAL","JALISCO","-105.24444444","19.91972222","250.00000000"
"261","BODEGA","JALISCO","-105.18611111","19.92638889","550.00000000"
"262","CASA PARROQUIAL","JALISCO","-105.28055556","19.92194444","550.00000000"
"263","CASA DE LA CULTURA","JALISCO","-103.37777778","19.25472222","0.00000000"
"264","CLUB DE LEONES NACIONAL DE PIHUAMO","JALISCO","-103.38305556","19.25111111","0.00000000"
"265","PARROQUIA SANTO SANTIAGO APOSTOL","JALISCO","-103.37777778","19.25444444","0.00000000"
"266","CASINO AUDITORIO","JALISCO","-103.25333333","19.67611111","85.00000000"
"267","TERRAZA DEL LIENZO","JALISCO","-103.25527778","19.67444444","700.00000000"
"268","CONALEP JOSÃ‰ MARÃA MARTÃNEZ R.","JALISCO","-103.23916667","19.69416667","500.00000000"
"269","ESC. PRIMARIA GORDIANO GUZMÃN","JALISCO","-103.25472222","19.67666667","50.00000000"
"270","ESC. RICARDO FLORES MAGÃ“N","JALISCO","-103.17750000","19.75388889","100.00000000"
"271","AUDITORIO MUNICIPAL","JALISCO","-102.94305556","19.93222222","150.00000000"
"272","CASA DE LA CULTURA MUNICIPAL","JALISCO","-102.94277778","19.93194444","150.00000000"
"273","AUDITORIO MUNICIPAL","JALISCO","-103.59888889","20.06750000","60.00000000"
"274","TEMPLO PARROQUIAL","JALISCO","-103.59972222","20.06750000","60.00000000"
"275","CASINO LA BASCULA","JALISCO","-103.59472222","20.05194444","100.00000000"
"276","CASA DE LA CULTURA","JALISCO","-103.59916667","20.05250000","45.00000000"
"277","ANTIGUA CAPILLA","JALISCO","-103.64138889","19.98944444","120.00000000"
"278","CASA EJIDAL","JALISCO","-103.64222222","19.99083333","25.00000000"
"279","CASINO EJIDAL","JALISCO","-103.64305556","19.99000000","155.00000000"
"280","CASINO LOS HERNANDEZ","JALISCO","-103.64194444","19.98833333","45.00000000"
"281","TEMPLO COFRADIA","JALISCO","-103.55444444","20.23472222","10.00000000"
"282","SEMINARIO","JALISCO","-103.72638889","20.13944444","210.00000000"
"283","CASA EJIDAL","JALISCO","-103.72611111","20.14027778","50.00000000"
"284","CASINO DE EVENTOS DE LA CRUZ","JALISCO","-103.72916667","21.38355556","50.00000000"
"285","UNIDAD DEPORTIVA BUENOS AIRES","JALISCO","-103.72805556","20.24722222","300.00000000"
"286","CASA DE LA CULTURA","JALISCO","-103.72777778","21.38333333","100.00000000"
"287","CASINO TORO LOCO","JALISCO","-103.51583333","20.05083333","125.00000000"
"288","EL COMITÃ‰","JALISCO","-103.51500000","20.05194444","56.00000000"
"289","SALON DE PASTORAL","JALISCO","-103.52361111","19.96750000","66.00000000"
"290","SALON PARROQUIAL ATOYAC","JALISCO","-103.51638889","20.03583333","76.00000000"
"291","CASINO EL TEXANO","JALISCO","-103.51527778","20.05111111","360.00000000"
"292","CENTRO DE FORMACION FORESTAL","JALISCO","-103.45666667","19.68861111","300.00000000"
"293","CASINO AUDITORIO","JALISCO","-103.45944444","19.72555556","500.00000000"
"294","CENTRO DE EXPOSICION ATESANAL","JALISCO","-103.03527778","19.72416667","200.00000000"
"295","CENTRO UNIVERSITARIO DEL SUR","JALISCO","-103.46027778","19.72361111","200.00000000"
"296","GIMNASIO BENITO JUAREZ","JALISCO","-103.46222222","19.70305556","200.00000000"
"297","SALON DE FIESTAS HERSANS","JALISCO","-103.47138889","19.70527778","100.00000000"
"298","SALON DE FIESTAS BRAVO","JALISCO","-103.46638889","19.71083333","90.00000000"
"299","SALON DE FIESTAS EMILIANO ZAPATA","JALISCO","-103.47888889","19.69888889","90.00000000"
"300","SALON  GALERIAS","JALISCO","-103.45916667","19.69250000","90.00000000"
"301","SALON REAL","JALISCO","-103.46555556","19.69972222","85.00000000"
"302","SALON SINDICATO IMSS","JALISCO","-103.45944444","19.72277778","80.00000000"
"303","SALON DE FIESTAS LA ROSA","JALISCO","-103.45944444","19.70111111","120.00000000"
"304","SALON EL RANCHITO","JALISCO","-103.47944444","19.70166667","70.00000000"
"305","SALON 21 DE MARZO","JALISCO","-103.47583333","19.70444444","70.00000000"
"306","CENTRO DE DESARROLLO COMUNITARIO SAN JOSE","JALISCO","-103.45416667","19.73027778","25.00000000"
"307","CENTRO COMUNITARIO CONSTITUYENTES","JALISCO","-103.47722222","19.68972222","25.00000000"
"308","CENTRO COMUNITARIO SOLIDARIDAD","JALISCO","-103.46416667","19.68444444","40.00000000"
"309","SALON PARA FIESTAS CRUZ ROJA","JALISCO","-103.46277778","19.68833333","80.00000000"
"310","UNIDAD DEPORTIVA SALVADOR AGUILAR","JALISCO","-103.47777778","19.69472222","200.00000000"
"311","SALON DE FIESTAS LA CARRETA","JALISCO","-103.47694444","19.68666667","65.00000000"
"312","CENTROS DE INTEGRACION JUVENIL A.C.","JALISCO","-103.46000000","19.68555556","70.00000000"
"313","SALON FORUM","JALISCO","-103.46055556","19.70083333","200.00000000"
"314","SALÃ“N EL GRULLO","JALISCO","-103.47138889","19.68333333","80.00000000"
"315","BODEGA IMPECSA","JALISCO","-103.48805556","19.71916667","200.00000000"
"316","SALON DE FIESTAS LORENA","JALISCO","-103.47111111","19.68888889","80.00000000"
"317","FORUM EJIDAL","JALISCO","-103.48111111","19.70722222","200.00000000"
"318","UNIDAD DEPORTIVA  SALVADOR AGUILAR","JALISCO","-103.47722222","19.69444444","200.00000000"
"319","SALON LOS MONOS","JALISCO","-103.47166667","19.67972222","200.00000000"
"320","SALON LAS PEÃ‘AS","JALISCO","-103.45277778","19.70166667","150.00000000"
"321","SALON MARIA ISABEL","JALISCO","-103.46000000","19.71027778","75.00000000"
"322","SALON BETOS","JALISCO","-103.46416667","19.70583333","200.00000000"
"323","SERVIFIESTAS","JALISCO","-103.47805556","19.79444444","150.00000000"
"324","SALON DURAN","JALISCO","-103.47888889","19.79583333","105.00000000"
"325","CASA EJIDAL","JALISCO","-103.47861111","19.79083333","66.00000000"
"326","INSTALACIONES DIF MUNICIPAL","JALISCO","-103.47388889","19.79250000","40.00000000"
"327","CENTRO DE CONVENCIONES","JALISCO","-103.46972222","19.82027778","180.00000000"
"328","SALON DE EVENTOS EL INGRESO","JALISCO","-103.47472222","19.81916667","60.00000000"
"329","CASA DE LA CULTURA","JALISCO","-103.59694444","19.88222222","0.00000000"
"330","SALON DE EVENTOS SAN MIGUEL","JALISCO","-103.59750000","19.87833333","0.00000000"
"331","DIF USMAJAC","JALISCO","-103.54500000","19.86916667","0.00000000"
"332","ANEXO  SAN MIGUEL","JALISCO","-103.59750000","19.87833333","0.00000000"
"333","SALON 3 VALLES","JALISCO","-103.59750000","19.87805556","0.00000000"
"334","BODEGA SANTA INES","JALISCO","-103.60305556","19.88027778","0.00000000"
"335","SALON DE EVENTOS EL AJUSCO","JALISCO","-103.75416667","19.94027778","0.00000000"
"336","SALON DE EVENTOS EL RODEO","JALISCO","-103.75388889","19.94222222","0.00000000"
"337","PARROQUIA DE SAN ANTONIO","JALISCO","-103.75833333","19.94527778","0.00000000"
"338","COLEGIO SIERRA DE TAPALPA","JALISCO","-103.75611111","19.94055556","0.00000000"
"339","ESCUELA EMMA BRACAMONTES","JALISCO","-103.75861111","19.94611111","0.00000000"
"340","CASINO FERRERA","JALISCO","-103.75694444","19.94472222","0.00000000"
"341","BODEGA ATACCO","JALISCO","-103.74750000","19.92305556","0.00000000"
"342","AUDITORIO MUNICIPAL","JALISCO","-103.75416667","19.94388889","0.00000000"
"343","SALON DE EVENTOS VISTA REAL","JALISCO","-103.75694444","19.94222222","0.00000000"
"344","CASA EJIDAL","JALISCO","-103.55277778","20.70027778","30.00000000"
"345","DIF MUNICIPAL TECHALUTA","JALISCO","-103.54944444","20.70250000","75.00000000"
"346","ESC. SEC. LAURO MONTENEGRO","JALISCO","-103.54944444","20.70250000","75.00000000"
"347","ESC. PRIMARIA JOSEFA ORTIZ DE DOMINGUEZ","JALISCO","-103.54888889","20.70194444","75.00000000"
"348","ESC. PRIM. IGNACIO ALTAMIRANO","JALISCO","-103.54555556","20.14444444","75.00000000"
"349","CAPILLA DEL SANTO NIÃ‘O DE LA SALUD","JALISCO","-103.54555556","20.88361111","60.00000000"
"350","PRIMARIA AGUSTIN YAÃ‘EZ","JALISCO","-103.37833333","20.88333333","60.00000000"
"351","COLEGIO GUADALUPE S/N","JALISCO","-103.37166667","20.86750000","100.00000000"
"352","SECUNDARIA RAMON CORONA","JALISCO","-103.37638889","20.86888889","100.00000000"
"353","FORO PARROQUIAL","JALISCO","-103.91416667","19.60222222","150.00000000"
"354","ESC. SEC. TEC.","JALISCO","-103.91444444","19.60194444","200.00000000"
"355","CENTRO DE DESARROLLO  EX CLINICA","JALISCO","-103.91305556","19.59944444","40.00000000"
"356","CASA DE LA CULTURA MUNICIPAL","JALISCO","-103.91472222","19.60222222","100.00000000"
"357","CASA EJIDAL DE TONILA","JALISCO","-103.54777778","19.41138889","65.00000000"
"358","CASA EJIDAL DE SAN MARCOS","JALISCO","-103.50666667","19.44361111","65.00000000"
"359","LIC. GUSTAVO HERNANDEZ COVARRUBIAS","JALISCO","-103.37722222","19.55250000","110.00000000"
"360","CASINO DISNEY","JALISCO","-103.37111111","19.55861111","33.00000000"
"519","TELE. SEC. MARIANO BARCENAS  No.110","JALISCO","-104.48166667","19.63444444","80.00000000"
"520","CASA EJIDAL DE LA CABECERA MPAL.","JALISCO","-104.43861111","19.60500000","30.00000000"
"521","DIF EL ZAPOTILLO","JALISCO","-104.44111111","19.63250000","80.00000000"
"522","GALERAS DE LA C.N.C.","JALISCO","-104.43861111","19.59916667","150.00000000"
"523","ESC. SECUNDARIA TÃ‰CNICA #36","JALISCO","-104.44138889","19.60416667","126.00000000"
"524","CASINO DE LA FERIA","JALISCO","-104.43777778","19.60333333","250.00000000"
"525","GALERAS DEL EJIDO","JALISCO","-104.48222222","19.54527778","166.00000000"
"526","ESC. SEC. FOR. 53","JALISCO","-104.48916667","19.55305556","200.00000000"
"527","CASA EJIDAL","JALISCO","-104.51305556","19.53750000","28.00000000"
"528","TELE SECUNDARIA","JALISCO","-104.44000000","19.63277778","266.00000000"
"529","TELESEC. V. GOMEZ FARIAS","JALISCO","-104.48166667","19.63500000","113.00000000"
"530","ESC. PREPARATORIA  DEL LUGAR","JALISCO","-104.53138889","19.62722222","150.00000000"
"531","ESC. PRIMITIVO TOLENTINO","JALISCO","-104.44000000","19.60500000","133.00000000"
"532","CLUB DE LEONES","JALISCO","-104.56222222","19.23583333","200.00000000"
"533","ESCUELA GREGORIO TORRES QUINTERO","JALISCO","-104.57166667","19.24277778","100.00000000"
"534","CASA EJIDAL","JALISCO","-104.56138889","19.24111111","100.00000000"
"535","UNIDAD MUNICIPAL DE PROTECCION CIVIL","JALISCO","-104.56361111","19.23916667","33.00000000"
"536","ESCUELA SECUNDARIA N 20","JALISCO","-104.56527778","19.23555556","500.00000000"
"537","COLEGIO JOSE MARIA MORELOS Y P.","JALISCO","-104.57138889","19.23527778","300.00000000"
"538","ESCUELA AQUILES SERDAN","JALISCO","-104.70555556","19.22500000","200.00000000"
"539","DISCO TANGA","JALISCO","-104.70277778","19.22444444","50.00000000"
"540","MERCADO MUNICIPAL","JALISCO","-104.55916667","19.23722222","150.00000000"
"541","JARDIN DE NIÃ‘OS JUAN DE LA BARRERA","JALISCO","-104.69555556","19.21944444","50.00000000"
"542","CENTRO DE EDUCACION COMUNITARIA","JALISCO","-104.57027778","19.23916667","25.00000000"
"543","ESCUELA JUAN DE LA BARRERA","JALISCO","-104.69555556","19.22000000","300.00000000"
"544","ESCUELA ALVARO OBREGON","JALISCO","-104.69888889","19.22111111","300.00000000"
"545","ESCUELA SECUNADARIA FRANCISCA CHAVEZ CORTES","JALISCO","-104.68305556","19.20472222","80.00000000"
"546","CASA EJIDAL","JALISCO","-104.68138889","19.20777778","50.00000000"
"547","JARDIN DE NIÃ‘OS GABRIELA MISTRAL","JALISCO","-104.68666667","19.22972222","50.00000000"
"548","ESCUELA ALFREDO V. BONFIL","JALISCO","-104.51055556","19.25250000","30.00000000"
"549","CASA EJIDAL","JALISCO","-104.51083333","19.25277778","20.00000000"
"550","CASA DE LA SALUD","JALISCO","-104.51000000","19.25277778","20.00000000"
"551","ESCUELA MELCHOR","JALISCO","-104.64388889","19.22472222","100.00000000"
"552","IGLESIA","JALISCO","-104.64305556","19.22583333","80.00000000"
"553","CASA EJIDAL","JALISCO","-104.64166667","19.22555556","50.00000000"
"554","ESCUELA PENSADOR MEXICANO","JALISCO","-104.64416667","19.22194444","50.00000000"
"555","ESCUELA MELCHOR OCAMPO","JALISCO","-104.70916667","19.32833333","50.00000000"
"556","JARDIN DE NIÃ‘OS VICENTE GUERRERO","JALISCO","-104.70916667","19.32833333","15.00000000"
"557","ESCUELA AMADO NERVO","JALISCO","-104.71611111","19.24166667","80.00000000"
"558","JARDIN DE NIÃ‘OS LA FLOR DE LA COSTA","JALISCO","-104.71555556","19.24083333","80.00000000"
"559","ESC. PRIM. MELCHOR OCAMPO","JALISCO","-104.47388889","19.24694444","20.00000000"
"560","PRIM. FED. RAMON  GARCIA","JALISCO","-104.17333333","19.49583333","75.00000000"
"561","CENTRO DIF","JALISCO","-104.17222222","19.48027778","75.00000000"
"562","CASA EJIDAL","JALISCO","-104.17166667","19.48000000","200.00000000"
"563","CASA EJIDAL","JALISCO","-104.31611111","19.49750000","100.00000000"
"564","CASA EJIDAL","JALISCO","-104.28277778","19.32666667","100.00000000"
"565","ESC. PREPARATORIA MOD. LA HUERTA","JALISCO","-104.64888889","19.48666667","300.00000000"
"566","ESCUELA SECUNDARIA TECNICA No. 22","JALISCO","-104.64333333","19.48166667","300.00000000"
"567","DIF MUNICIPAL","JALISCO","-104.64250000","19.47833333","60.00000000"
"568","CASA EJIDAL","JALISCO","-104.78750000","19.28055556","100.00000000"
"569","ESC. PRIM. MANUEL LOPEZ COTILLA","JALISCO","-104.78666667","19.27833333","100.00000000"
"570","JARDIN  DE NIÃ‘OS  BENITO JUAREZ","JALISCO","-104.88777778","19.30666667","153.00000000"
"571","CASA EJIDAL","JALISCO","-104.87750000","19.37250000","100.00000000"
"572","ESC. PRIM. JUAN GIL PRECIADO","JALISCO","-104.89833333","19.35388889","80.00000000"
"573","ESC. PRIM. 1  DE MAYO","JALISCO","-104.88750000","19.34777778","80.00000000"
"574","CASA EJIDAL COLONIA MIGUEL HIDALGO","JALISCO","-104.89833333","19.35472222","300.00000000"
"575","ESC. PRIM. EMILIANO ZAPATA","JALISCO","-104.96583333","19.38416667","200.00000000"
"576","ESC. PRIM. UNION  Y PROGRESO","JALISCO","-104.96527778","19.38222222","100.00000000"
"577","CASA DE  LA CULTURA","JALISCO","-104.64500000","19.48166667","300.00000000"
"578","JARDÃN DE NIÃ‘OS ADOLFO LÃ“PEZ MATEOS","JALISCO","-104.70722222","19.42972222","40.00000000"
"579","CASA EJIDAL","JALISCO","-104.88666667","19.30555556","300.00000000"
"580","CASA EJIDAL","JALISCO","-104.59333333","19.47861111","40.00000000"
"581","BODEGA DICONSA","JALISCO","-104.94805556","19.33333333","40.00000000"
"582","DELEGACIÃ“N","JALISCO","-104.63888889","19.48055556","20.00000000"
"583","PRIMARIA NIÃ‘O CAMPESINO","JALISCO","-104.61138889","19.47583333","50.00000000"
"584","JARDÃN DE NIÃ‘OS EL CEDRO","JALISCO","-104.86583333","19.49722222","20.00000000"
"585","PRIMARIA FRANCISCO VILLA","JALISCO","-104.88305556","19.30055556","90.00000000"
"586","JARDIN DE NIÃ‘OS BELISARIO DOMINGUEZ","JALISCO","-104.60611111","19.71777778","148.00000000"
"587","CASA DE LA CULTURA","JALISCO","-104.60555556","19.71777778","320.00000000"
"588","ESC. PREPARATORIA U. DE G.","JALISCO","-104.60527778","19.71055556","100.00000000"
"589","ESC. SECUNDARIA MIGUEL HIDALGO","JALISCO","-104.60666667","19.71166667","100.00000000"
"590","ESC. PRIMARIA EMILIANO ZAPATA","JALISCO","-104.60972222","19.71805556","100.00000000"
"591","ESC. SEC. TEC. No. 26","JALISCO","-104.60833333","19.72500000","200.00000000"
"592","EDIFICIO DIF MUNICIPAL","JALISCO","-104.60527778","19.72166667","40.00000000"
"593","ESC. PRIM. ANDRES DE URDANETA","JALISCO","-104.60638889","19.71694444","148.00000000"
"594","ESC. PRIM. NIÃ‘OS HEROES","JALISCO","-104.60777778","19.72555556","25.00000000"
"595","ESC. FCO. I. MADERO","JALISCO","-104.72388889","19.87027778","25.00000000"
"596","JARDÃN DE NIÃ‘OS ESTEFANÃA CASTAÃ‘EDA","JALISCO","-104.72111111","19.86861111","10.00000000"
"634","SALON SUPERIOR","JALISCO","-105.32694444","20.31944444","150.00000000"
"635","ESC. JOSEFA ORTIZ DE DOMINGUEZ","JALISCO","-105.32500000","20.32027778","500.00000000"
"636","SEC. TECNICA # 137","JALISCO","-105.32555556","20.32222222","150.00000000"
"637","ESC. PREPARATORIA MODULO EL TUITO","JALISCO","-105.32083333","20.31277778","150.00000000"
"638","CENTRO DE SALUD","JALISCO","-105.48083333","20.31083333","50.00000000"
"639","SALON EJIDAL","JALISCO","-105.48083333","20.31000000","60.00000000"
"640","ESCUELA PRIMARIA HEROES DEL 47","JALISCO","-105.48000000","20.31111111","120.00000000"
"641","SALON LICONSA","JALISCO","-105.55250000","20.23083333","80.00000000"
"642","ESCUELA PRIMARIA RURAL FEDERAL PROF. RAFAEL RAMIREZ","JALISCO","-105.42638889","20.26250000","50.00000000"
"643","TELESECUNDARIA BENITO JUAREZ","JALISCO","-105.36972222","20.20944444","50.00000000"
"644","SALON EJIDAL","JALISCO","-105.36972222","20.21305556","80.00000000"
"645","ESCUELA PRIMARIA JOSEFINA CASTILLO","JALISCO","-105.31944444","20.31583333","150.00000000"
"646","TELE SECUNDARIA FRANCISCO I. MADERO","JALISCO","-105.48055556","20.31194444","96.00000000"
"647","ESCUELA PRIMARIA LEYES DE REFORMA","JALISCO","-105.43611111","20.48500000","50.00000000"
"648","ESCUELA PRIMARIA JUAN DE LA BARRERA","JALISCO","-105.44194444","20.32638889","60.00000000"
"649","SALON COMUNAL","JALISCO","-105.46972222","20.42888889","300.00000000"
"650","CENTRO DE DESARROLLO COMUNITARIO","JALISCO","-105.52416667","20.44638889","100.00000000"
"651","ESCUELA PRIMARIA HERMELINDA PEREZ CURIEL","JALISCO","-105.54583333","20.44305556","150.00000000"
"652","PREPARATORIA REGIONAL","JALISCO","-105.54583333","20.44333333","200.00000000"
"653","ESCUELA PRIMARIA BENITO JUAREZ","JALISCO","-105.59250000","20.47055556","100.00000000"
"654","ESCUELA SECUNDARIA PRISCILIANO SANCHEZ","JALISCO","-105.59194444","20.47111111","150.00000000"
"655","CENTRO COMUNITARIO","JALISCO","-105.67111111","20.41000000","150.00000000"
"656","CASA EJIDAL","JALISCO","-105.55305556","20.22861111","50.00000000"
"657","URBANA NO. 725 MANUEL LOPEZ COTILLA","JALISCO","-105.28944444","20.53055556","60.00000000"
"658","SALON DE USOS MULTIPLES CTM SAUCES","JALISCO","-105.25333333","20.67305556","200.00000000"
"659","SALON EJIDAL DE LAS JUNTAS","JALISCO","-105.24527778","20.70250000","80.00000000"
"660","SALON EJIDO PUERTO VALLARTA (PLAYA GRANDE)","JALISCO","-105.20555556","20.63750000","196.00000000"
"661","TELESECUNDARIA LEONA VICARIO","JALISCO","-105.31500000","20.51194444","120.00000000"
"662","SALON DE USOS MULTIPLES","JALISCO","-105.24138889","19.93805556","200.00000000"
"663","CASA DE LA COMUNIDAD INDIGENA","JALISCO","-105.25500000","19.93416667","250.00000000"
"664","CAPILLA DE VELACION GALEANA","JALISCO","-105.25472222","19.93277778","150.00000000"
"665","ESC. JOSE MARIA MORELOS Y PAVON","JALISCO","-105.18277778","19.67861111","116.00000000"
"666","CASA EJIDAL","JALISCO","-105.24805556","19.77055556","50.00000000"
"667","AUDITORIO MUNICIPAL","JALISCO","-104.40638889","20.20138889","0.00000000"
"668","CASA DE LA CULTURA","JALISCO","-104.40861111","20.20333333","0.00000000"
"669","SALON MUNICIPAL","JALISCO","-104.38111111","20.57472222","108.00000000"
"670","ESCUELA SECUNDARIA TECNICA # 106","JALISCO","-104.37527778","20.57611111","300.00000000"
"671","UNIDAD DEPORTIVA","JALISCO","-104.37527778","20.57583333","600.00000000"
"672","SALON NAVIDAD","JALISCO","-104.78722222","20.52250000","200.00000000"
"673","SALON LA JOYA","JALISCO","-104.79083333","20.52666667","350.00000000"
"674","CASA EJIDAL","JALISCO","-104.78944444","20.52833333","200.00000000"
"675","CAMPO DEPORTIVO MEXICO","JALISCO","-104.79833333","20.53305556","200.00000000"
"676","CASA DEL APOSTOLADO","JALISCO","-104.78805556","20.52444444","200.00000000"
"677","C. COMUNITARIO DIF","JALISCO","-104.85277778","20.76222222","25.00000000"
"678","SALON  EJIDAL","JALISCO","-104.89055556","20.89666667","20.00000000"
"679","SALON EJIDAL","JALISCO","-104.90888889","20.77222222","25.00000000"
"680","AUDITORIO MUNICIPAL","JALISCO","-104.90944444","20.77138889","250.00000000"
"681","SALON EJIDAL","JALISCO","-104.83000000","20.80750000","20.00000000"
"682","SALON EJIDAL","JALISCO","-104.72138889","20.90166667","25.00000000"
"683","SALON EJIDAL","JALISCO","-104.61500000","20.90027778","120.00000000"
"684","ESCUELA VIEJA","JALISCO","-104.64305556","20.93027778","20.00000000"
"685","SALON EJIDAL","JALISCO","-104.94194444","20.89472222","45.00000000"
"686","ESCUELA SECUNDARIA FORONCA 60","JALISCO","-104.85388889","20.79250000","100.00000000"
"687","BODEGAS","JALISCO","-104.88222222","20.50416667","800.00000000"
"688","CORREDOR","JALISCO","-104.82361111","20.38222222","80.00000000"
"689","PATIO / CORREDOR","JALISCO","-104.82444444","20.38166667","130.00000000"
"690","CASA SOCIAL","JALISCO","-104.82250000","20.38111111","100.00000000"
"691","HOTEL","JALISCO","-104.82277778","20.38027778","168.00000000"
"692","HOTEL ARBOLEDAS","JALISCO","-104.82333333","20.37972222","45.00000000"
"693","HOTEL LA PAROTA","JALISCO","-104.81611111","20.38166667","40.00000000"
"694","HOTEL LA MISION","JALISCO","-104.82166667","20.38111111","100.00000000"
"695","HOTEL EL SANTUARIO","JALISCO","-104.82027778","20.38083333","175.00000000"
"696","HOTEL PLAZA","JALISCO","-104.82305556","20.38111111","80.00000000"
"697","HOTEL FREGOSO","JALISCO","-104.82333333","20.38305556","95.00000000"
"698","HOTEL MEDRANO","JALISCO","-104.82333333","20.38277778","110.00000000"
"699","HOTEL POSADA PINA","JALISCO","-104.82361111","20.38361111","30.00000000"
"700","HOTEL LOS ARCOS","JALISCO","-104.82361111","20.38527778","213.00000000"
"701","HOTEL EL PEDREGAL","JALISCO","-104.82472222","20.38250000","70.00000000"
"702","COLEGIO TALPA","JALISCO","-104.82055556","20.38055556","75.00000000"
"703","ESC. PRIMARIA IGNACIO ALLENDE","JALISCO","-104.81500000","20.38083333","125.00000000"
"704","ESC. PRIMARIA LA PAROTA","JALISCO","-104.81472222","20.38083333","60.00000000"
"705","ESC. PRIMARIA MIGUEL HIDALGO","JALISCO","-104.82305556","20.38888889","120.00000000"
"706","JARD. DE NIÃ‘OS EL NARANJO","JALISCO","-104.82250000","20.38027778","65.00000000"
"707","CLUB DE LEONES","JALISCO","-103.97222222","20.70222222","200.00000000"
"708","C. AGRARIA 5 DE MAYO","JALISCO","-103.97722222","20.70083333","350.00000000"
"709","C. AGRARIA DE AHUAL.","JALISCO","-103.97694444","20.70111111","200.00000000"
"710","Esc. JosÃ© Ma. Morelos y PavÃ³n","JALISCO","-103.92694444","20.75111111","100.00000000"
"711","Escuela Luis de la PeÃ±a","JALISCO","-103.96583333","20.69694444","250.00000000"
"712","Telesecundaria Miguel Hidalgo","JALISCO","-103.97722222","20.69527778","200.00000000"
"713","Esc. primaria Guillermo Prieto","JALISCO","-103.89944444","20.73138889","40.00000000"
"714","CASA DE LA CULTURA","JALISCO","-103.72555556","20.83083333","200.00000000"
"715","CENTRO DE DESARROLLO COMUNITARIO","JALISCO","-103.72472222","20.77916667","50.00000000"
"716","CENTRO DE DESARROLLO COMUNITARIO","JALISCO","-103.74916667","20.90166667","25.00000000"
"717","CENTRO DE DESARROLLO COMUNITARIO","JALISCO","-103.72472222","20.91361111","30.00000000"
"718","LA GRANJA","JALISCO","-103.72972222","20.83277778","80.00000000"
"719","UNION LOCAL DE PRODUCTORES DE CAÃ‘A Y AZUCAR","JALISCO","-104.05000000","20.54472222","250.00000000"
"720","CASA EJIDAL","JALISCO","-104.06916667","20.47861111","50.00000000"
"721","CASA EJIDAL","JALISCO","-104.17222222","20.58611111","50.00000000"
"722","CASA EJIDAL","JALISCO","-103.98638889","20.56694444","50.00000000"
"723","CASA EJIDAL JAYAMITLA","JALISCO","-104.17805556","20.59027778","50.00000000"
"724","MÃ“DULO DIF DE SANTA CRUZ DEL ASTILLERO","JALISCO","-103.64305556","20.74500000","35.00000000"
"725","MÃ“DULO DIF DE HUAXTLA","JALISCO","-103.65833333","20.72666667","35.00000000"
"726","CENTRO COMUNITARIO DIF","JALISCO","-103.82222222","20.36555556","180.00000000"
"727","CASA EJIDAL","JALISCO","-103.82222222","20.36305556","200.00000000"
"728","SALON PARROQUIAL","JALISCO","-103.82138889","20.36472222","50.00000000"
"729","ESC. SECUNDARIA ZUNO","JALISCO","-103.83027778","20.36777778","200.00000000"
"730","ESC. PREPARATORIA","JALISCO","-103.83027778","20.36722222","200.00000000"
"731","JARDIN DE NIÃ‘OS","JALISCO","-103.82361111","20.52000000","20.00000000"
"732","ESC. GUILLERMO PRIETO","JALISCO","-103.78277778","20.32527778","300.00000000"
"733","ESC. PRIMARIA","JALISCO","-103.85777778","20.47750000","200.00000000"
"734","ESC. PRIMARIA JOSEFA ORTIZ DE DOMINGUEZ","JALISCO","-103.82222222","20.36777778","40.00000000"
"735","TEMPLO","JALISCO","-103.86361111","20.43694444","35.00000000"
"736","ESC. PRIMARIA EMILIANO ZAPATA","JALISCO","-103.85777778","20.47777778","96.00000000"
"737","HOTEL LA SAUCEDA","JALISCO","-103.80750000","20.45138889","35.00000000"
"738","ESC. PRIMARIA J. JESÃšS GONZALEZ GALLO","JALISCO","-103.80694444","20.45000000","35.00000000"
"739","E. S. T. 27","JALISCO","-103.80666667","20.45222222","35.00000000"
"740","E. S. T. 164","JALISCO","-103.80666667","20.45222222","35.00000000"
"741","SALÃ“N DE EVENTOS KRYSTAL","JALISCO","-103.82027778","20.37055556","150.00000000"
"742","EDIFICIO COMERCIAL","JALISCO","-103.83055556","20.36666667","35.00000000"
"743","AUDITORIO SAN MIGUEL","JALISCO","-103.82111111","20.36388889","300.00000000"
"744","ESCUELA PRIMARIA LEYES DE REFORMA","JALISCO","-103.97333333","20.90972222","336.00000000"
"745","ESCUELA PRIMARIA SOR JUANA INES DE LA CRUZ","JALISCO","-103.97972222","20.90833333","150.00000000"
"746","CASA EJIDAL","JALISCO","-103.98000000","20.90750000","50.00000000"
"747","CASA EJIDAL","JALISCO","-104.19583333","20.79222222","200.00000000"
"748","SALON CARACOL","JALISCO","-104.19583333","20.78888889","200.00000000"
"749","TEMPLO SAN MARCOS","JALISCO","-104.19527778","20.79166667","180.00000000"
"750","DELEGACIÃ“N PUERTA DEL COCHE (CENTRO DE SALUD)","JALISCO","-104.22555556","20.80388889","80.00000000"
"751","AUDITORIO BENITO JUAREZ","JALISCO","-103.92861111","20.43694444","280.00000000"
"752","CENTRO COMUNITARIO DIF","JALISCO","-103.93111111","20.43583333","50.00000000"
"753","CASA EJIDAL Ã“ DE LA COMUNIDAD","JALISCO","-103.92944444","20.43638889","50.00000000"
"754","CASA EJIDAL","JALISCO","-103.86166667","20.38111111","70.00000000"
"755","BIBLIOTECA PUBLICA MUNICIPAL MARIUA GUADALUPE URSUA F.","JALISCO","-103.91055556","20.43333333","40.00000000"
"756","COMUNIDAD AGRARIA DE BUENAVISTA","JALISCO","-103.85277778","20.56666667","80.00000000"
"757","CASA EJIDAL Ã“ BIBLIOTECA PUBLICA","JALISCO","-103.85750000","20.51083333","70.00000000"
"758","CASA EJIDAL","JALISCO","-103.94972222","20.36805556","70.00000000"
"759","CASA CAÃ‘ERO","JALISCO","-103.70972222","20.65083333","200.00000000"
"760","COMUNIDAD AGRARIA DE TALA","JALISCO","-103.70888889","20.64972222","93.00000000"
"761","SALON DE FIESTAS","JALISCO","-103.70555556","20.65055556","100.00000000"
"762","SALON DE FIESTAS","JALISCO","-103.70555556","20.64916667","120.00000000"
"763","SALON DE FIESTAS","JALISCO","-103.70555556","20.64944444","120.00000000"
"764","SISTEMA DIF TALA","JALISCO","-103.70972222","20.65250000","50.00000000"
"765","CASA EJIDAL CUISILLOS","JALISCO","-103.77694444","20.61166667","110.00000000"
"766","SUB-SISTEMA DIF CUISILLOS","JALISCO","-103.77500000","20.60888889","50.00000000"
"767","SUB-SISTEMA DIF SAN ISIDRO","JALISCO","-103.61250000","20.51944444","35.00000000"
"768","SUB-SISTEMA DIF EL REFUGIO","JALISCO","-103.73805556","20.67027778","35.00000000"
"769","LA BODEGA","JALISCO","-103.69583333","20.65194444","40.00000000"
"770","CENTRO COMUNITARIO DIF","JALISCO","-103.84611111","20.68472222","100.00000000"
"771","CASA EJIDAL","JALISCO","-103.84805556","20.68527778","70.00000000"
"772","SALÃ“N DE EVENTOS EL CHUBASCO","JALISCO","-103.84944444","20.68361111","80.00000000"
"773","CASA EJIDAL","JALISCO","-103.84833333","20.68416667","60.00000000"
"774","SALÃ“N DE EVENTOS LVERA","JALISCO","-103.84944444","20.68694444","80.00000000"
"775","AUDITORIO","JALISCO","-103.59138889","20.42222222","300.00000000"
"776","CASA PASTORAL","JALISCO","-103.59166667","20.42111111","300.00000000"
"777","ESC. SECUNDARIA","JALISCO","-103.60277778","20.42361111","400.00000000"
"778","ESC. CUAHUTEMOC","JALISCO","-103.59055556","20.42861111","200.00000000"
"779","CENTRO COMUNITARIO # 8","JALISCO","-103.31444444","20.73027778","80.00000000"
"780","CENTRO COMUNITARIO # 3","JALISCO","-103.31611111","20.68500000","80.00000000"
"781","CENTRO COMUNITARIO # 11","JALISCO","-103.37583333","20.63166667","80.00000000"
"782","INSTITUTO NIÃ‘OS DE LA CALLE","JALISCO","-103.39666667","20.62861111","150.00000000"
"783","CENTRO COMUNITARIO # 1","JALISCO","-103.31305556","20.70861111","80.00000000"
"784","CENTRO COMUNITARIO # 21","JALISCO","-103.31027778","20.64750000","80.00000000"
"785","CENTRO ALEMANIA","JALISCO","-103.35722222","20.66333333","80.00000000"
"786","MEXICO 68","JALISCO","-103.28638889","20.67277778","400.00000000"
"787","YOLI RAMIREZ","JALISCO","-103.38000000","20.65111111","200.00000000"
"788","RIO DE JANEIRO","JALISCO","-103.31638889","20.69833333","200.00000000"
"789","CENTRO COMUNITARIO # 17","JALISCO","-103.34916667","20.64388889","100.00000000"
"790","GIMNASIO TU CASA AMIGA","JALISCO","-103.39638889","20.62833333","80.00000000"
"791","AUDITORIO MUNICIPAL","JALISCO","-103.23916667","20.86361111","150.00000000"
"597","PRIM. MIGUEL HIDALGO Y COSTILLA","JALISCO","-104.71944444","19.90777778","45.00000000"
"598","PRIMARIA LAZARO CARDENAS DEL R.","JALISCO","-104.76638889","19.67805556","15.00000000"
"599","TEMPLO DEL LUGAR","JALISCO","-104.76583333","19.67750000","20.00000000"
"600","ESCUELA PRIMARIA LAZARO CARDENAS","JALISCO","-104.79027778","19.66166667","10.00000000"
"601","ESC. PRIMARIA ADOLFO LOPEZ MATEOS","JALISCO","-104.70472222","20.05138889","40.00000000"
"602","ESC. PRIMARIA EMILIANO ZAPATA","JALISCO","-104.56583333","19.71250000","15.00000000"
"603","ESC. PRIMARIA NICOLAS BRAVO","JALISCO","-104.70722222","19.95916667","20.00000000"
"604","ESC. PRIMARIA AÃ‘O DE JUÃREZ","JALISCO","-104.64444444","19.95444444","20.00000000"
"605","ESC. PRIMARIA 15 DE MAYO","JALISCO","-104.74972222","19.84111111","25.00000000"
"606","ESC. PRIMARIA MA. DOLORES CABIA","JALISCO","-104.70361111","19.72888889","40.00000000"
"607","T. S. LUIS DONALDO COLOSIO","JALISCO","-104.70305556","19.72694444","40.00000000"
"608","ESC. PRIM. CUITLAHUAC","JALISCO","-104.84750000","19.75194444","15.00000000"
"609","ESC. PRIM. ADOLFO LOPEZ MATEOS","JALISCO","-104.87472222","19.79277778","20.00000000"
"610","ESC. PRIMARIA PENSADOR MEXICANO","JALISCO","-104.70861111","19.88555556","15.00000000"
"611","ESC. PRIM. CONSTITUCIÃ“N MEXICANA","JALISCO","-104.72000000","19.79916667","60.00000000"
"612","ESC. PRIMARIA MANUEL LOPEZ COTILLA","JALISCO","-104.68277778","19.87055556","25.00000000"
"613","ESC. PRIM. FCO. I. MADERO","JALISCO","-104.74861111","19.72166667","15.00000000"
"614","ESC. PRIM. JUAN ESCUTIA","JALISCO","-104.69416667","19.76777778","25.00000000"
"615","ESC. PRIM. BENITO JUÃREZ","JALISCO","-104.68138889","19.68833333","40.00000000"
"616","ESC. PRIM. VENUSTIANO CARRANZA","JALISCO","-104.82277778","19.70194444","25.00000000"
"617","ESC. PRIMARIA ADOLFO LOPEZ MATEOS","JALISCO","-104.75750000","19.86722222","25.00000000"
"618","ESC. PRIM. VICENTE GUERRERO","JALISCO","-104.87777778","19.74305556","25.00000000"
"619","T.S. RAMÃ“N CORONA","JALISCO","-104.63694444","19.88305556","75.00000000"
"620","J. DE N. MIGUEL HIDALGO Y COSTILLA","JALISCO","-104.63250000","19.88138889","25.00000000"
"621","PRIM. LAZARO CARDENAS DEL R.","JALISCO","-104.71527778","19.65222222","16.00000000"
"622","JARDIN DE NIÃ‘OS MARÃA MONTEOSURRI","JALISCO","-104.71527778","19.65194444","25.00000000"
"623","ESC. PRIM. VALENTÃN GÃ“MEZ FARÃAS","JALISCO","-104.58305556","19.88750000","15.00000000"
"624","ESC. PRIM. RAMÃ“N CORONA","JALISCO","-104.72777778","19.67722222","70.00000000"
"625","JARDÃN DE NIÃ‘OS VOCES INFANTILES","JALISCO","-104.72750000","19.67611111","40.00000000"
"626","T.S. IGNACIO M. ALTAMIRANO","JALISCO","-104.72777778","19.67583333","70.00000000"
"627","ESC. PRIM. CRISTOBAL COLÃ“N","JALISCO","-104.79500000","19.71888889","70.00000000"
"628","ESC. PRIM. JUAN DIEGO","JALISCO","-104.94222222","19.89472222","10.00000000"
"629","JARDIN DE NIÃ‘OS JOSE VASCONCELOS","JALISCO","-104.77027778","19.75000000","40.00000000"
"630","ESCUELA PRIMARIA CUAUHTEMOC","JALISCO","-104.77000000","19.75000000","30.00000000"
"631","JARDIN DE NIÃ‘OS DEL LUGAR","JALISCO","-104.68083333","19.68777778","10.00000000"
"632","ESCUELA PRIMARIA NIÃ‘OS HEROES","JALISCO","-104.62888889","19.75611111","25.00000000"
"633","CENTRO COMUNITARIO TUITO","JALISCO","-105.32638889","20.32000000","150.00000000"
"792","CASA DE LA CULTURA","JALISCO","-103.24166667","20.86444444","150.00000000"
"793","DIF MUNICIPAL DE JUANACATLAN","JALISCO","-103.17166667","20.50944444","50.00000000"
"794","CASA DE LA CULTURA","JALISCO","-103.17000000","20.50944444","0.00000000"
"795","DIF MUNICIPAL","JALISCO","-103.17833333","20.51527778","200.00000000"
"796","CASA DEL EJERCITO EL SALTO","JALISCO","-103.17638889","20.51916667","75.00000000"
"797","CENTRO DE DESARROLLO COMUNITARIO SAN JOSE DEL 15","JALISCO","-103.24027778","20.50722222","140.00000000"
"798","CENTRO DE DESARROLLO COMUNITARIO LAS PINTAS","JALISCO","-103.32444444","20.57416667","50.00000000"
"799","CENTRO DE DESARROLLO COMUNITERIO LA HUIZACHERA","JALISCO","-103.33111111","20.56111111","150.00000000"
"800","Â´Â´MORELOSÂ´Â´","JALISCO","-103.42888889","20.23055556","75.00000000"
"801","ESCUELA PRIMARIA","JALISCO","-103.44611111","20.47500000","50.00000000"
"802","DIF TLAQUEPAQUE","JALISCO","-103.28944444","20.63805556","150.00000000"
"803","CENTRO DE DESARROLLO COMUNITARIO LAS LIEBRES","JALISCO","-103.31166667","20.58638889","150.00000000"
"804","CENTRO DE DESARROLLO COMUNITARIO","JALISCO","-103.38916667","20.58166667","150.00000000"
"805","CENTRO DE DESARROLLO COMUNITARIO SANTA MARIA TEQUEPEXPAN","JALISCO","-103.39527778","20.59666667","100.00000000"
"806","BASE CENTRAL DE PROTECCION CIVIL MUNICIPAL","JALISCO","-103.30527778","20.62027778","250.00000000"
"807","BASE 2 LAS HERAS DE PROTECCION CIVIL MUNICIPAL","JALISCO","-103.38250000","20.58277778","200.00000000"
"808","CAIC SAN MARTIN DE ABAJO","JALISCO","-103.27750000","20.59805556","100.00000000"
"809","CAIC NUEVA SANTA MARIA","JALISCO","-103.37888889","20.60416667","150.00000000"
"810","CENTRO DE DESARROLLO COMUNITARIO","JALISCO","-103.37083333","20.57805556","100.00000000"
"811","CAIC PRADOS DE TLAQUEPAQUE","JALISCO","-103.30333333","20.62972222","100.00000000"
"812","CENTRO CULTURAL EL REFUGIO","JALISCO","-103.31277778","20.64166667","300.00000000"
"813","ESCUELA PRIMARIA BENITO JUAREZ Y/O RAFAEL RAMIREZ","JALISCO","-103.24555556","20.59500000","250.00000000"
"814","CDC LOMA BONITA","JALISCO","-103.26000000","20.65000000","50.00000000"
"815","ESC. FRAY ANTONIO ALCALDE","JALISCO","-103.23250000","20.63111111","120.00000000"
"816","CDC COLONIA JALISCO","JALISCO","-103.26305556","20.68722222","50.00000000"
"817","GRANJA LAS FLORES","JALISCO","-103.22888889","20.59916667","200.00000000"
"818","CASA PARTICULAR","JALISCO","-103.23194444","20.61500000","40.00000000"
"819","CASA PARTICULAR","JALISCO","-103.26472222","20.66444444","40.00000000"
"820","ESCUELA PRIMARIA TATA LAZARO","JALISCO","-103.22527778","20.58083333","200.00000000"
"821","ESCUELA PRIMARIA JOSE MARTÃ","JALISCO","-103.24277778","20.60000000","150.00000000"
"822","CENTRO DE DESARROLLO COMUNITARIO #2 VENTA DEL ASTILLERO","JALISCO","-103.54527778","20.72777778","60.00000000"
"823","C.D.C. #3 SANTA ANA TEPETITLÃN","JALISCO","-103.45638889","20.61916667","40.00000000"
"824","C.D.C. #5 NEXTIPAC","JALISCO","-103.52555556","20.76722222","80.00000000"
"825","C.D.C. NO. 6 STA LUCIA","JALISCO","-103.49166667","20.80194444","30.00000000"
"826","C.D.C. NO. 7 EL COLLI","JALISCO","-103.42472222","20.64138889","80.00000000"
"827","C.D.C. NO. 8 STA. MONICA DE LOS CHORRITOS","JALISCO","-103.49861111","20.79722222","60.00000000"
"828","C.D.C. #9 VILLA DE GUADALUPE","JALISCO","-103.34888889","20.75500000","100.00000000"
"829","C.D.C. No.11 STA. MA. PUEBLITO","JALISCO","-103.43694444","20.67805556","50.00000000"
"830","C.D.C. No. 15 SAN JUAN DE OCOTÃN","JALISCO","-103.45388889","20.71194444","60.00000000"
"831","ESTANCIA DIURNA","JALISCO","-103.40361111","20.73833333","200.00000000"
"832","JARDIN DEL ADULTO MAYOR","JALISCO","-103.40305556","20.73777778","100.00000000"
"833","CRIAMM","JALISCO","-103.40388889","20.73805556","50.00000000"
